{
    "train_loss": [
        0.5257655382711868,
        0.49971928703707175,
        0.4931148145024952,
        0.48956983373999485,
        0.48811732690854265,
        0.4855282748567647,
        0.4837038840296551,
        0.4821067800587399,
        0.4809269866413972,
        0.4797645279267961,
        0.4785172580172831,
        0.4770467188504402,
        0.47600492756581153,
        0.4750998864733273,
        0.4739593414230427,
        0.47324110124562235,
        0.4723252645118261,
        0.47209821810176855,
        0.47112708117982993,
        0.47072190969126976,
        0.4706739233138399,
        0.4698740145658514,
        0.4691749527175518,
        0.4683410109533735,
        0.4676207409475523,
        0.4671519628178262,
        0.46655380968889787,
        0.4659748653580069,
        0.4656057028448815,
        0.4653217653289979,
        0.4646904332092846,
        0.46373790270628934,
        0.46350326867494646,
        0.4632394799037393,
        0.462592704362216,
        0.46289582731756,
        0.4618480355727928,
        0.46187389075395,
        0.4621706085430609,
        0.4610744831668697,
        0.4612793195072669,
        0.4607430160781655,
        0.4604201115397016,
        0.46047179018323486,
        0.4598249653137297,
        0.4598613628858956,
        0.4589782532196898,
        0.4595280591700528,
        0.4587437165527841
    ],
    "val_loss": [
        0.49554500178150507,
        0.49082728131957676,
        0.482924169431562,
        0.48191838562488554,
        0.4984332456536915,
        0.491818285053191,
        0.47770215395999993,
        0.47627138612063036,
        0.4763706656253856,
        0.4832436417755873,
        0.4734343206752902,
        0.47630660631086513,
        0.47085528049779973,
        0.4687014183272486,
        0.4707819498103598,
        0.47008560235085695,
        0.46894594566977543,
        0.4726956688515518,
        0.4673642731231192,
        0.46557971647252205,
        0.46709779066884,
        0.4703582812262618,
        0.46674883006059603,
        0.4641496500243311,
        0.466374868672827,
        0.46780510000560593,
        0.4634625522986702,
        0.4637173926376778,
        0.4677313340746838,
        0.46283644198075585,
        0.4657711409356283,
        0.4650230530811393,
        0.46380147804384647,
        0.4722892481347789,
        0.4625625558197498,
        0.4616089196956676,
        0.4619568519294262,
        0.46153695116872373,
        0.4610659719485304,
        0.4624360823436924,
        0.4609411909528401,
        0.4663342429567938,
        0.46370117988275444,
        0.4594410598278046,
        0.4640423354247342,
        0.46045659683320833,
        0.4603026473327823,
        0.46308167570311093,
        0.4729232857408731
    ],
    "val_acc": [
        0.7704962610469068,
        0.7724677090414684,
        0.7785180149558124,
        0.7753908905506458,
        0.7681169272603671,
        0.7719238613188307,
        0.7795377294357579,
        0.7787899388171312,
        0.7793337865397688,
        0.7754588715159755,
        0.7794017675050986,
        0.77906186267845,
        0.7822569680489463,
        0.7832087015635621,
        0.7823929299796057,
        0.7834126444595513,
        0.7835486063902107,
        0.7809653297076818,
        0.7840244731475187,
        0.7863358259687288,
        0.7840924541128484,
        0.7827328348062542,
        0.7837525492861999,
        0.78837525492862,
        0.7858599592114208,
        0.7849762066621346,
        0.785588035350102,
        0.7862678450033991,
        0.7857919782460911,
        0.788851121685928,
        0.7849762066621346,
        0.7870156356220258,
        0.7880353501019715,
        0.7838205302515295,
        0.7882392929979606,
        0.7884432358939497,
        0.7880353501019715,
        0.787899388171312,
        0.7885112168592794,
        0.7878314072059823,
        0.788851121685928,
        0.7841604350781781,
        0.7902787219578518,
        0.7909585316111489,
        0.7885791978246091,
        0.7898708361658735,
        0.7910265125764786,
        0.7913664174031271,
        0.7847722637661455
    ],
    "val_auc": [
        0.8410020076703568,
        0.8463213800548238,
        0.8489430147330729,
        0.8498280822244035,
        0.8512563082679987,
        0.852376840302862,
        0.8530193340149326,
        0.854024001223565,
        0.8553133984077087,
        0.8547634541870126,
        0.8566625168698743,
        0.8575260625136454,
        0.8585450591310912,
        0.8593092603702766,
        0.8590834011530386,
        0.8598526685315976,
        0.8594174982531063,
        0.8607444015092215,
        0.86029082487399,
        0.861595919694369,
        0.8602041643073988,
        0.8602475500593737,
        0.8618276308572707,
        0.8624057439222599,
        0.8609430163601544,
        0.8603613532996912,
        0.8626553344894485,
        0.862807531300606,
        0.8630867883664282,
        0.863909962056465,
        0.8628965215517267,
        0.8640879702930462,
        0.8630645731603774,
        0.8620117776276918,
        0.8632932890145981,
        0.8638854356554446,
        0.8636208870344108,
        0.8635433233312212,
        0.864103409075445,
        0.8641856598820337,
        0.8643023012697743,
        0.8625581810976941,
        0.8629374574370334,
        0.865081562255383,
        0.8625140280289894,
        0.8645202746897747,
        0.8649475499262489,
        0.8633351308883331,
        0.8625251957230838
    ],
    "epoch_time": [
        49.43706798553467,
        25.879695177078247,
        25.02422022819519,
        23.88141894340515,
        22.88371181488037,
        23.368123292922974,
        22.230894088745117,
        22.77807903289795,
        21.568479776382446,
        22.877956867218018,
        23.876814126968384,
        24.079179048538208,
        20.42349600791931,
        23.756285190582275,
        22.331367015838623,
        23.885868072509766,
        23.8769850730896,
        23.620506763458252,
        25.07908582687378,
        23.33293890953064,
        23.56613302230835,
        24.456407070159912,
        20.751551866531372,
        23.142926931381226,
        23.762068033218384,
        22.220458984375,
        22.0714111328125,
        23.608712911605835,
        21.00974702835083,
        22.876932859420776,
        19.159709930419922,
        22.61829400062561,
        20.966554164886475,
        22.30215811729431,
        24.044225931167603,
        22.674278020858765,
        22.38469409942627,
        21.25595211982727,
        23.034696340560913,
        22.290868997573853,
        22.582581043243408,
        22.72857117652893,
        21.780648946762085,
        23.15394687652588,
        21.459144353866577,
        21.59406805038452,
        24.142755031585693,
        18.919962167739868,
        23.4586079120636
    ]
}