{
    "train_loss": [
        0.514103956124767,
        0.49119657857164756,
        0.4872798731225957,
        0.4844941668705416,
        0.482459610086785,
        0.48022071299215174,
        0.4787151462989551,
        0.4772025239753701,
        0.47517686378894736,
        0.47385064344453903,
        0.4725384630769741,
        0.4717699651782577,
        0.47055909895135883,
        0.46938943049808807,
        0.4686540463264035,
        0.46718347123290266,
        0.4664400219014618,
        0.46611904644538393,
        0.4652147643747223,
        0.4642613133396485,
        0.46396233905228296,
        0.46331995702023165,
        0.4625674796890457
    ],
    "val_loss": [
        0.48842877985342686,
        0.4830386139776396,
        0.4813933265597924,
        0.4910535402919935,
        0.47794729121353313,
        0.4736463979534481,
        0.4752254467619502,
        0.4731410283109416,
        0.4692165972745937,
        0.47118102655462596,
        0.46743228558612904,
        0.47220492654520535,
        0.46942644592212596,
        0.4658804458120595,
        0.4664734895462575,
        0.46455174995505294,
        0.46371327648344246,
        0.4613055143667304,
        0.46266964252876197,
        0.4619196008728898,
        0.46293494701385496,
        0.4618881353865499,
        0.48627472795222115
    ],
    "val_acc": [
        0.7721957851801495,
        0.7756628144119646,
        0.7752549286199863,
        0.7715839564921821,
        0.7761386811692726,
        0.7813732154996601,
        0.7798776342624065,
        0.7798776342624065,
        0.7830047586675731,
        0.7808293677770224,
        0.7842284160435078,
        0.7793337865397688,
        0.7852481305234534,
        0.7821889870836166,
        0.7861998640380693,
        0.7858599592114208,
        0.7826648538409245,
        0.7871515975526853,
        0.7874235214140041,
        0.7876954452753229,
        0.7866077498300476,
        0.7893269884432359,
        0.7714479945615228
    ],
    "val_auc": [
        0.8447743401002165,
        0.850315198921038,
        0.8514942411677593,
        0.8534721710677735,
        0.8541928571280655,
        0.8566660206414487,
        0.8568141959733584,
        0.8587569494859312,
        0.858914166212563,
        0.8603380564543947,
        0.859733947068384,
        0.861220387490881,
        0.8609229459430355,
        0.8615638865320863,
        0.8619911340342209,
        0.8620858005801877,
        0.8624589568752465,
        0.8638865357842502,
        0.863933545489938,
        0.8637203886002545,
        0.8641748619791343,
        0.8644147455274496,
        0.8643443187943268
    ],
    "epoch_time": [
        1434.7262222766876,
        1413.4626960754395,
        1413.7458839416504,
        1411.3746349811554,
        1404.9640398025513,
        1406.3268008232117,
        1405.5477058887482,
        1407.373377084732,
        1406.475895166397,
        1404.053232908249,
        1386.174742937088,
        1387.296042919159,
        1386.7994740009308,
        1387.082601070404,
        1387.4068973064423,
        1387.8411509990692,
        1387.037523984909,
        1386.8292458057404,
        1386.5393669605255,
        1385.2507610321045,
        1385.7301878929138,
        1387.2080318927765,
        1388.4528250694275
    ]
}