{
    "train_loss": [
        0.5014807962276951,
        0.48501560746762423,
        0.48136546676639963,
        0.478254459596969,
        0.47530221929365746,
        0.472426146574367,
        0.4707499347134161,
        0.46901055366384126,
        0.46624614468464093,
        0.4650844577335356,
        0.4641091542497263,
        0.4617684523662672,
        0.4590710828294292,
        0.45860809252318774,
        0.4569965108590268,
        0.4553555437300323,
        0.45238432529115946,
        0.45011157264025103,
        0.4497514413904055
    ],
    "val_loss": [
        0.48129256374162177,
        0.4875399600552476,
        0.47388064148633374,
        0.47857971178448716,
        0.4690963458107865,
        0.4699743185678254,
        0.4672003496600234,
        0.4675093164910441,
        0.46916066667307976,
        0.46445007563933083,
        0.46562195983917815,
        0.46693388184775475,
        0.4904884595585906,
        0.4616442042848338,
        0.4694429851096609,
        0.4621906799790652,
        0.4623581275343895,
        0.4630411081340002,
        0.465180711189042
    ],
    "val_acc": [
        0.7745751189666893,
        0.7808973487423522,
        0.7815091774303196,
        0.7791298436437798,
        0.7820530251529572,
        0.782800815771584,
        0.7827328348062542,
        0.7843643779741672,
        0.7840244731475187,
        0.7887151597552685,
        0.784636301835486,
        0.7848402447314752,
        0.7827328348062542,
        0.788851121685928,
        0.7829367777022433,
        0.7882392929979606,
        0.7902787219578518,
        0.7908905506458191,
        0.7891910265125764
    ],
    "val_auc": [
        0.8528852662171189,
        0.85516974377316,
        0.8561343718401342,
        0.8584353235939208,
        0.8601196670192995,
        0.8597002775800627,
        0.8615684257190073,
        0.8605899489717733,
        0.8623276070427177,
        0.8619454093529364,
        0.8616281377522494,
        0.8606713954825125,
        0.8612689872987079,
        0.8640249301390475,
        0.8618913181458611,
        0.8639956611659487,
        0.8650557508299593,
        0.8641542923439022,
        0.8645471030409854
    ],
    "epoch_time": [
        14.123703002929688,
        13.259989261627197,
        13.455752849578857,
        13.28798246383667,
        13.42455244064331,
        13.405072927474976,
        13.113938808441162,
        13.404098987579346,
        13.078598976135254,
        13.39072871208191,
        13.514345169067383,
        13.392019748687744,
        13.375673294067383,
        13.643231630325317,
        13.923602819442749,
        13.86275601387024,
        13.783010721206665,
        13.939563512802124,
        13.312415599822998
    ]
}