{
    "train_loss": [
        0.5156734642005922,
        0.49389863169759873,
        0.48947339239013826,
        0.48615426440330056,
        0.4844926749768373,
        0.48246434333717725,
        0.48117779461946425,
        0.47949457826841024,
        0.4783174579360723,
        0.4769449810751775,
        0.47507415931300373,
        0.4744492385394087,
        0.4731004998185095,
        0.47296557674064665,
        0.47140266954593313,
        0.47045598772093167,
        0.4703926175888298,
        0.4698799749122861,
        0.4687203667981538,
        0.468427893437466,
        0.46697010713710146,
        0.4670165404121896,
        0.4658975882624091,
        0.46495727438545625,
        0.46489497550519293,
        0.46385431884052813,
        0.46398439945068076,
        0.46245287383063755,
        0.46217722720002197,
        0.46156390200178976,
        0.46135268347183345,
        0.46039188339375825,
        0.4602930931112306,
        0.45966021450651323,
        0.4592692535040763
    ],
    "val_loss": [
        0.49103666615226993,
        0.4848770836773126,
        0.4959281744192476,
        0.4777663867758668,
        0.4804658300850702,
        0.4778174483905668,
        0.47791768442029536,
        0.4844041693145814,
        0.47322367008613503,
        0.48076036857522053,
        0.47307632938027383,
        0.46981512755155563,
        0.4808834541103114,
        0.46875127106904985,
        0.4673368192885233,
        0.46771815645953885,
        0.4647990730145703,
        0.4645896004269952,
        0.4684724997891032,
        0.46481735829425896,
        0.4650463875545108,
        0.46419356277455454,
        0.4641344216206799,
        0.46562137318694075,
        0.46400827409132667,
        0.4643073824760707,
        0.46356405259474465,
        0.4620664484798908,
        0.4655383560968482,
        0.46138015797604687,
        0.4617774679608967,
        0.46295840215423834,
        0.47470909357070923,
        0.4625217171790807,
        0.4727140765151252
    ],
    "val_acc": [
        0.7730795377294357,
        0.7763426240652618,
        0.7668252889191026,
        0.7791298436437798,
        0.7798096532970769,
        0.7792658055744391,
        0.7793337865397688,
        0.7749830047586675,
        0.7835486063902107,
        0.7761386811692726,
        0.7812372535690006,
        0.7819850441876275,
        0.7763426240652618,
        0.7813732154996601,
        0.7843643779741672,
        0.7837525492861999,
        0.7847722637661455,
        0.7857919782460911,
        0.7844323589394969,
        0.7863358259687288,
        0.786743711760707,
        0.7865397688647179,
        0.7862678450033991,
        0.78606390210741,
        0.7864717878993882,
        0.7847042828008157,
        0.7863358259687288,
        0.786743711760707,
        0.7859959211420802,
        0.7881713120326309,
        0.7875594833446635,
        0.7882392929979606,
        0.7798776342624065,
        0.7887151597552685,
        0.7814411964649898
    ],
    "val_auc": [
        0.845709227710318,
        0.8486819329044939,
        0.8517456067326847,
        0.8527268291795428,
        0.85461242221812,
        0.8538366742488653,
        0.8561094941374784,
        0.8572767308002932,
        0.8576686817328474,
        0.8575969607305418,
        0.8594124783376319,
        0.85903031762697,
        0.8607639449738869,
        0.8601022683435662,
        0.8609280120824095,
        0.8604580074733321,
        0.8614272949093655,
        0.8618996939164318,
        0.8617418208104284,
        0.8623852944691661,
        0.8620115095290753,
        0.8626315846499379,
        0.8623565709380805,
        0.862063742535395,
        0.8630826004811427,
        0.8631850788661077,
        0.8638879872146913,
        0.8641457316777338,
        0.8633855519177964,
        0.8638317974425832,
        0.8634964522972317,
        0.863079346318625,
        0.862681478726948,
        0.8638432147457346,
        0.8623412246034804
    ],
    "epoch_time": [
        11.153522491455078,
        10.960008144378662,
        10.599945068359375,
        10.59994912147522,
        10.575265645980835,
        10.677579879760742,
        10.753977298736572,
        10.789501905441284,
        10.643807649612427,
        10.581947803497314,
        10.362067699432373,
        10.49183964729309,
        10.65532636642456,
        10.62490463256836,
        10.521408796310425,
        10.48989987373352,
        10.707430362701416,
        10.612459182739258,
        10.560208082199097,
        10.34628415107727,
        10.432544946670532,
        10.527020931243896,
        10.4452645778656,
        10.490104675292969,
        10.645533084869385,
        10.887784481048584,
        10.5674307346344,
        10.526294469833374,
        10.72812557220459,
        10.716701984405518,
        10.818459033966064,
        10.951443433761597,
        10.955933332443237,
        10.821019411087036,
        10.849778652191162
    ]
}