{
    "epoch": 18,
    "train_loss": 0.46611904644538393,
    "val_loss": 0.4613055143667304,
    "val_acc": 0.7871515975526853,
    "val_auc": 0.8638865357842502,
    "epoch_time": 1386.8292458057404
}