{
    "epoch": 2,
    "train_loss": 0.49119657857164756,
    "val_loss": 0.4830386139776396,
    "val_acc": 0.7756628144119646,
    "val_auc": 0.850315198921038,
    "epoch_time": 1413.4626960754395
}