{
    "epoch": 14,
    "train_loss": 0.46938943049808807,
    "val_loss": 0.4658804458120595,
    "val_acc": 0.7821889870836166,
    "val_auc": 0.8615638865320863,
    "epoch_time": 1387.082601070404
}