{
    "epoch": 4,
    "train_loss": 0.4844941668705416,
    "val_loss": 0.4910535402919935,
    "val_acc": 0.7715839564921821,
    "val_auc": 0.8534721710677735,
    "epoch_time": 1411.3746349811554
}