{
    "epoch": 23,
    "train_loss": 0.4625674796890457,
    "val_loss": 0.48627472795222115,
    "val_acc": 0.7714479945615228,
    "val_auc": 0.8643443187943268,
    "epoch_time": 1388.4528250694275
}