{
    "epoch": 9,
    "train_loss": 0.47517686378894736,
    "val_loss": 0.4692165972745937,
    "val_acc": 0.7830047586675731,
    "val_auc": 0.858914166212563,
    "epoch_time": 1406.475895166397
}