{
    "epoch": 3,
    "train_loss": 0.4872798731225957,
    "val_loss": 0.4813933265597924,
    "val_acc": 0.7752549286199863,
    "val_auc": 0.8514942411677593,
    "epoch_time": 1413.7458839416504
}