{
    "epoch": 20,
    "train_loss": 0.4642613133396485,
    "val_loss": 0.4619196008728898,
    "val_acc": 0.7876954452753229,
    "val_auc": 0.8637203886002545,
    "epoch_time": 1385.2507610321045
}