{
    "epoch": 15,
    "train_loss": 0.4686540463264035,
    "val_loss": 0.4664734895462575,
    "val_acc": 0.7861998640380693,
    "val_auc": 0.8619911340342209,
    "epoch_time": 1387.4068973064423
}