{
    "epoch": 22,
    "train_loss": 0.46331995702023165,
    "val_loss": 0.4618881353865499,
    "val_acc": 0.7893269884432359,
    "val_auc": 0.8644147455274496,
    "epoch_time": 1387.2080318927765
}