{
    "epoch": 13,
    "train_loss": 0.47055909895135883,
    "val_loss": 0.46942644592212596,
    "val_acc": 0.7852481305234534,
    "val_auc": 0.8609229459430355,
    "epoch_time": 1386.7994740009308
}