{
    "epoch": 1,
    "train_loss": 0.514103956124767,
    "val_loss": 0.48842877985342686,
    "val_acc": 0.7721957851801495,
    "val_auc": 0.8447743401002165,
    "epoch_time": 1434.7262222766876
}