{
    "epoch": 8,
    "train_loss": 0.4772025239753701,
    "val_loss": 0.4731410283109416,
    "val_acc": 0.7798776342624065,
    "val_auc": 0.8587569494859312,
    "epoch_time": 1407.373377084732
}