{
    "epoch": 21,
    "train_loss": 0.46396233905228296,
    "val_loss": 0.46293494701385496,
    "val_acc": 0.7866077498300476,
    "val_auc": 0.8641748619791343,
    "epoch_time": 1385.7301878929138
}