{
    "epoch": 5,
    "train_loss": 0.482459610086785,
    "val_loss": 0.47794729121353313,
    "val_acc": 0.7761386811692726,
    "val_auc": 0.8541928571280655,
    "epoch_time": 1404.9640398025513
}