{
    "epoch": 17,
    "train_loss": 0.4664400219014618,
    "val_loss": 0.46371327648344246,
    "val_acc": 0.7826648538409245,
    "val_auc": 0.8624589568752465,
    "epoch_time": 1387.037523984909
}