{
    "epoch": 6,
    "train_loss": 0.48022071299215174,
    "val_loss": 0.4736463979534481,
    "val_acc": 0.7813732154996601,
    "val_auc": 0.8566660206414487,
    "epoch_time": 1406.3268008232117
}