{
    "epoch": 7,
    "train_loss": 0.4787151462989551,
    "val_loss": 0.4752254467619502,
    "val_acc": 0.7798776342624065,
    "val_auc": 0.8568141959733584,
    "epoch_time": 1405.5477058887482
}