{
    "epoch": 12,
    "train_loss": 0.4717699651782577,
    "val_loss": 0.47220492654520535,
    "val_acc": 0.7793337865397688,
    "val_auc": 0.861220387490881,
    "epoch_time": 1387.296042919159
}