{
    "epoch": 16,
    "train_loss": 0.46718347123290266,
    "val_loss": 0.46455174995505294,
    "val_acc": 0.7858599592114208,
    "val_auc": 0.8620858005801877,
    "epoch_time": 1387.8411509990692
}