{
    "epoch": 10,
    "train_loss": 0.47385064344453903,
    "val_loss": 0.47118102655462596,
    "val_acc": 0.7808293677770224,
    "val_auc": 0.8603380564543947,
    "epoch_time": 1404.053232908249
}