{
    "epoch": 19,
    "train_loss": 0.4652147643747223,
    "val_loss": 0.46266964252876197,
    "val_acc": 0.7874235214140041,
    "val_auc": 0.863933545489938,
    "epoch_time": 1386.5393669605255
}