{
    "epoch": 11,
    "train_loss": 0.4725384630769741,
    "val_loss": 0.46743228558612904,
    "val_acc": 0.7842284160435078,
    "val_auc": 0.859733947068384,
    "epoch_time": 1386.174742937088
}